metricID,responseOpt,splitByOpt_category,year,value,theme,category,vizType,filterType,filterOpt,splitByOpt
1,Total revenue,NA,2024,470000,NA,NA,NA,NA,NA,NA
1,Total revenue,NA,2025,510000,NA,NA,NA,NA,NA,NA
1,Total revenue,Northeast,2024,500000,NA,NA,NA,NA,NA,NA
1,Total revenue,Northeast,2025,620000,NA,NA,NA,NA,NA,NA
1,Total revenue,Midwest,2024,410000,NA,NA,NA,NA,NA,NA
1,Total revenue,Midwest,2025,450000,NA,NA,NA,NA,NA,NA
1,Total revenue,South,2024,450000,NA,NA,NA,NA,NA,NA
1,Total revenue,South,2025,500000,NA,NA,NA,NA,NA,NA
1,Total revenue,West,2024,510000,NA,NA,NA,NA,NA,NA
1,Total revenue,West,2025,550000,NA,NA,NA,NA,NA,NA
1,Total revenue,"< $100,000",2024,100000,NA,NA,NA,NA,NA,NA
1,Total revenue,"< $100,000",2025,110000,NA,NA,NA,NA,NA,NA
1,Total revenue,"$100,000 - $499,999",2024,300000,NA,NA,NA,NA,NA,NA
1,Total revenue,"$100,000 - $499,999",2025,330000,NA,NA,NA,NA,NA,NA
1,Total revenue,"$500,000 - $999,999",2024,900000,NA,NA,NA,NA,NA,NA
1,Total revenue,"$500,000 - $999,999",2025,940000,NA,NA,NA,NA,NA,NA
1,Total revenue,"$1 million - $9,999,999",2024,2300000,NA,NA,NA,NA,NA,NA
1,Total revenue,"$1 million - $9,999,999",2025,3000000,NA,NA,NA,NA,NA,NA
1,Total revenue,$10 million and above,2024,20000000,NA,NA,NA,NA,NA,NA
1,Total revenue,$10 million and above,2025,18000000,NA,NA,NA,NA,NA,NA
1,Total revenue,"Arts, culture, and humanities",2024,300000,NA,NA,NA,NA,NA,NA
1,Total revenue,"Arts, culture, and humanities",2025,340000,NA,NA,NA,NA,NA,NA
1,Total revenue,Education,2024,350000,NA,NA,NA,NA,NA,NA
1,Total revenue,Education,2025,420000,NA,NA,NA,NA,NA,NA
1,Total revenue,Environment and animals,2024,300000,NA,NA,NA,NA,NA,NA
1,Total revenue,Environment and animals,2025,370000,NA,NA,NA,NA,NA,NA
1,Total revenue,Health,2024,750000,NA,NA,NA,NA,NA,NA
1,Total revenue,Health,2025,660000,NA,NA,NA,NA,NA,NA
1,Total revenue,Human services,2024,640000,NA,NA,NA,NA,NA,NA
1,Total revenue,Human services,2025,630000,NA,NA,NA,NA,NA,NA
1,Total revenue,"International, foreign affairs",2024,300000,NA,NA,NA,NA,NA,NA
1,Total revenue,"International, foreign affairs",2025,350000,NA,NA,NA,NA,NA,NA
1,Total revenue,"Public, societal benefit",2024,560000,NA,NA,NA,NA,NA,NA
1,Total revenue,"Public, societal benefit",2025,730000,NA,NA,NA,NA,NA,NA
1,Total revenue,AK,2024,NA,NA,NA,NA,NA,NA,NA
1,Total revenue,AK,2025,NA,NA,NA,NA,NA,NA,NA
1,Total revenue,AL,2024,420000,NA,NA,NA,NA,NA,NA
1,Total revenue,AL,2025,540000,NA,NA,NA,NA,NA,NA
1,Total revenue,AR,2024,450000,NA,NA,NA,NA,NA,NA
1,Total revenue,AR,2025,300000,NA,NA,NA,NA,NA,NA
1,Total revenue,AZ,2024,610000,NA,NA,NA,NA,NA,NA
1,Total revenue,AZ,2025,700000,NA,NA,NA,NA,NA,NA
1,Total revenue,CA,2024,750000,NA,NA,NA,NA,NA,NA
1,Total revenue,CA,2025,780000,NA,NA,NA,NA,NA,NA
1,Total revenue,CO,2024,480000,NA,NA,NA,NA,NA,NA
1,Total revenue,CO,2025,550000,NA,NA,NA,NA,NA,NA
1,Total revenue,CT,2024,400000,NA,NA,NA,NA,NA,NA
1,Total revenue,CT,2025,NA,NA,NA,NA,NA,NA,NA
1,Total revenue,DC,2024,1200000,NA,NA,NA,NA,NA,NA
1,Total revenue,DC,2025,NA,NA,NA,NA,NA,NA,NA
1,Total revenue,DE,2024,NA,NA,NA,NA,NA,NA,NA
1,Total revenue,DE,2025,NA,NA,NA,NA,NA,NA,NA
1,Total revenue,FL,2024,450000,NA,NA,NA,NA,NA,NA
1,Total revenue,FL,2025,630000,NA,NA,NA,NA,NA,NA
1,Total revenue,GA,2024,370000,NA,NA,NA,NA,NA,NA
1,Total revenue,GA,2025,350000,NA,NA,NA,NA,NA,NA
1,Total revenue,HI,2024,NA,NA,NA,NA,NA,NA,NA
1,Total revenue,HI,2025,NA,NA,NA,NA,NA,NA,NA
1,Total revenue,IA,2024,270000,NA,NA,NA,NA,NA,NA
1,Total revenue,IA,2025,NA,NA,NA,NA,NA,NA,NA
1,Total revenue,ID,2024,290000,NA,NA,NA,NA,NA,NA
1,Total revenue,ID,2025,300000,NA,NA,NA,NA,NA,NA
1,Total revenue,IL,2024,400000,NA,NA,NA,NA,NA,NA
1,Total revenue,IL,2025,400000,NA,NA,NA,NA,NA,NA
1,Total revenue,IN,2024,440000,NA,NA,NA,NA,NA,NA
1,Total revenue,IN,2025,NA,NA,NA,NA,NA,NA,NA
1,Total revenue,KS,2024,NA,NA,NA,NA,NA,NA,NA
1,Total revenue,KS,2025,NA,NA,NA,NA,NA,NA,NA
1,Total revenue,KY,2024,450000,NA,NA,NA,NA,NA,NA
1,Total revenue,KY,2025,650000,NA,NA,NA,NA,NA,NA
1,Total revenue,LA,2024,650000,NA,NA,NA,NA,NA,NA
1,Total revenue,LA,2025,460000,NA,NA,NA,NA,NA,NA
1,Total revenue,MA,2024,770000,NA,NA,NA,NA,NA,NA
1,Total revenue,MA,2025,970000,NA,NA,NA,NA,NA,NA
1,Total revenue,MD,2024,500000,NA,NA,NA,NA,NA,NA
1,Total revenue,MD,2025,350000,NA,NA,NA,NA,NA,NA
1,Total revenue,ME,2024,NA,NA,NA,NA,NA,NA,NA
1,Total revenue,ME,2025,NA,NA,NA,NA,NA,NA,NA
1,Total revenue,MI,2024,280000,NA,NA,NA,NA,NA,NA
1,Total revenue,MI,2025,450000,NA,NA,NA,NA,NA,NA
1,Total revenue,MN,2024,750000,NA,NA,NA,NA,NA,NA
1,Total revenue,MN,2025,500000,NA,NA,NA,NA,NA,NA
1,Total revenue,MO,2024,890000,NA,NA,NA,NA,NA,NA
1,Total revenue,MO,2025,NA,NA,NA,NA,NA,NA,NA
1,Total revenue,MS,2024,230000,NA,NA,NA,NA,NA,NA
1,Total revenue,MS,2025,340000,NA,NA,NA,NA,NA,NA
1,Total revenue,MT,2024,400000,NA,NA,NA,NA,NA,NA
1,Total revenue,MT,2025,550000,NA,NA,NA,NA,NA,NA
1,Total revenue,NC,2024,560000,NA,NA,NA,NA,NA,NA
1,Total revenue,NC,2025,600000,NA,NA,NA,NA,NA,NA
1,Total revenue,ND,2024,NA,NA,NA,NA,NA,NA,NA
1,Total revenue,ND,2025,NA,NA,NA,NA,NA,NA,NA
1,Total revenue,NE,2024,NA,NA,NA,NA,NA,NA,NA
1,Total revenue,NE,2025,NA,NA,NA,NA,NA,NA,NA
1,Total revenue,NH,2024,NA,NA,NA,NA,NA,NA,NA
1,Total revenue,NH,2025,NA,NA,NA,NA,NA,NA,NA
1,Total revenue,NJ,2024,350000,NA,NA,NA,NA,NA,NA
1,Total revenue,NJ,2025,NA,NA,NA,NA,NA,NA,NA
1,Total revenue,NM,2024,460000,NA,NA,NA,NA,NA,NA
1,Total revenue,NM,2025,650000,NA,NA,NA,NA,NA,NA
1,Total revenue,NV,2024,450000,NA,NA,NA,NA,NA,NA
1,Total revenue,NV,2025,NA,NA,NA,NA,NA,NA,NA
1,Total revenue,NY,2024,500000,NA,NA,NA,NA,NA,NA
1,Total revenue,NY,2025,750000,NA,NA,NA,NA,NA,NA
1,Total revenue,OH,2024,400000,NA,NA,NA,NA,NA,NA
1,Total revenue,OH,2025,660000,NA,NA,NA,NA,NA,NA
1,Total revenue,OK,2024,430000,NA,NA,NA,NA,NA,NA
1,Total revenue,OK,2025,310000,NA,NA,NA,NA,NA,NA
1,Total revenue,OR,2024,370000,NA,NA,NA,NA,NA,NA
1,Total revenue,OR,2025,NA,NA,NA,NA,NA,NA,NA
1,Total revenue,PA,2024,360000,NA,NA,NA,NA,NA,NA
1,Total revenue,PA,2025,280000,NA,NA,NA,NA,NA,NA
1,Total revenue,RI,2024,NA,NA,NA,NA,NA,NA,NA
1,Total revenue,RI,2025,NA,NA,NA,NA,NA,NA,NA
1,Total revenue,SC,2024,NA,NA,NA,NA,NA,NA,NA
1,Total revenue,SC,2025,NA,NA,NA,NA,NA,NA,NA
1,Total revenue,SD,2024,NA,NA,NA,NA,NA,NA,NA
1,Total revenue,SD,2025,NA,NA,NA,NA,NA,NA,NA
1,Total revenue,TN,2024,380000,NA,NA,NA,NA,NA,NA
1,Total revenue,TN,2025,580000,NA,NA,NA,NA,NA,NA
1,Total revenue,TX,2024,450000,NA,NA,NA,NA,NA,NA
1,Total revenue,TX,2025,550000,NA,NA,NA,NA,NA,NA
1,Total revenue,UT,2024,360000,NA,NA,NA,NA,NA,NA
1,Total revenue,UT,2025,400000,NA,NA,NA,NA,NA,NA
1,Total revenue,VA,2024,450000,NA,NA,NA,NA,NA,NA
1,Total revenue,VA,2025,1000000,NA,NA,NA,NA,NA,NA
1,Total revenue,VT,2024,NA,NA,NA,NA,NA,NA,NA
1,Total revenue,VT,2025,NA,NA,NA,NA,NA,NA,NA
1,Total revenue,WA,2024,750000,NA,NA,NA,NA,NA,NA
1,Total revenue,WA,2025,470000,NA,NA,NA,NA,NA,NA
1,Total revenue,WI,2024,300000,NA,NA,NA,NA,NA,NA
1,Total revenue,WI,2025,300000,NA,NA,NA,NA,NA,NA
1,Total revenue,WV,2024,NA,NA,NA,NA,NA,NA,NA
1,Total revenue,WV,2025,NA,NA,NA,NA,NA,NA,NA
1,Total revenue,WY,2024,560000,NA,NA,NA,NA,NA,NA
1,Total revenue,WY,2025,NA,NA,NA,NA,NA,NA,NA
1,Total revenue,Rural,2024,250000,NA,NA,NA,NA,NA,NA
1,Total revenue,Rural,2025,330000,NA,NA,NA,NA,NA,NA
1,Total revenue,Urban,2024,500000,NA,NA,NA,NA,NA,NA
1,Total revenue,Urban,2025,550000,NA,NA,NA,NA,NA,NA
82,0,,2024,0.2,Workforce,Staff and Volunteers,portionMultipleChoice,National,National,
82,0,Midwest,2024,0.19,Workforce,Staff and Volunteers,portionMultipleChoice,National,National,Region
82,0,Northeast,2024,0.19,Workforce,Staff and Volunteers,portionMultipleChoice,National,National,Region
82,0,South,2024,0.21,Workforce,Staff and Volunteers,portionMultipleChoice,National,National,Region
82,0,West,2024,0.2,Workforce,Staff and Volunteers,portionMultipleChoice,National,National,Region
82,0,Rural,2024,0.32,Workforce,Staff and Volunteers,portionMultipleChoice,National,National,Rural/Urban
82,0,Urban,2024,0.18,Workforce,Staff and Volunteers,portionMultipleChoice,National,National,Rural/Urban
82,0,"Arts, culture, and humanities",2024,0.28,Workforce,Staff and Volunteers,portionMultipleChoice,National,National,Sector
82,0,Education,2024,0.27,Workforce,Staff and Volunteers,portionMultipleChoice,National,National,Sector
82,0,Environment and animals,2024,0.38,Workforce,Staff and Volunteers,portionMultipleChoice,National,National,Sector
82,0,Health,2024,NA,Workforce,Staff and Volunteers,portionMultipleChoice,National,National,Sector
82,0,Human services,2024,0.15,Workforce,Staff and Volunteers,portionMultipleChoice,National,National,Sector
82,0,"International, foreign affairs",2024,0.34,Workforce,Staff and Volunteers,portionMultipleChoice,National,National,Sector
82,0,"Public, societal benefit",2024,0.18,Workforce,Staff and Volunteers,portionMultipleChoice,National,National,Sector
82,0,"$1 million - $9,999,999",2024,NA,Workforce,Staff and Volunteers,portionMultipleChoice,National,National,Size
82,0,$10 million and above,2024,NA,Workforce,Staff and Volunteers,portionMultipleChoice,National,National,Size
82,0,"$100,000 - $499,999",2024,0.22,Workforce,Staff and Volunteers,portionMultipleChoice,National,National,Size
82,0,"$500,000 - $999,999",2024,0.061,Workforce,Staff and Volunteers,portionMultipleChoice,National,National,Size
82,0,"< $100,000",2024,0.57,Workforce,Staff and Volunteers,portionMultipleChoice,National,National,Size
82,0,AK,2024,NA,Workforce,Staff and Volunteers,portionMultipleChoice,National,National,State
82,0,AL,2024,NA,Workforce,Staff and Volunteers,portionMultipleChoice,National,National,State
82,0,AR,2024,NA,Workforce,Staff and Volunteers,portionMultipleChoice,National,National,State
82,0,AZ,2024,0.28,Workforce,Staff and Volunteers,portionMultipleChoice,National,National,State
82,0,CA,2024,0.24,Workforce,Staff and Volunteers,portionMultipleChoice,National,National,State
82,0,CO,2024,0.19,Workforce,Staff and Volunteers,portionMultipleChoice,National,National,State
82,0,CT,2024,NA,Workforce,Staff and Volunteers,portionMultipleChoice,National,National,State
82,0,DC,2024,NA,Workforce,Staff and Volunteers,portionMultipleChoice,National,National,State
82,0,DE,2024,NA,Workforce,Staff and Volunteers,portionMultipleChoice,National,National,State
82,0,FL,2024,NA,Workforce,Staff and Volunteers,portionMultipleChoice,National,National,State
82,0,GA,2024,NA,Workforce,Staff and Volunteers,portionMultipleChoice,National,National,State
82,0,HI,2024,NA,Workforce,Staff and Volunteers,portionMultipleChoice,National,National,State
82,0,IA,2024,NA,Workforce,Staff and Volunteers,portionMultipleChoice,National,National,State
82,0,ID,2024,NA,Workforce,Staff and Volunteers,portionMultipleChoice,National,National,State
82,0,IL,2024,NA,Workforce,Staff and Volunteers,portionMultipleChoice,National,National,State
82,0,IN,2024,NA,Workforce,Staff and Volunteers,portionMultipleChoice,National,National,State
82,0,KS,2024,NA,Workforce,Staff and Volunteers,portionMultipleChoice,National,National,State
82,0,KY,2024,NA,Workforce,Staff and Volunteers,portionMultipleChoice,National,National,State
82,0,LA,2024,NA,Workforce,Staff and Volunteers,portionMultipleChoice,National,National,State
82,0,MA,2024,0.2,Workforce,Staff and Volunteers,portionMultipleChoice,National,National,State
82,0,MD,2024,NA,Workforce,Staff and Volunteers,portionMultipleChoice,National,National,State
82,0,ME,2024,NA,Workforce,Staff and Volunteers,portionMultipleChoice,National,National,State
82,0,MI,2024,NA,Workforce,Staff and Volunteers,portionMultipleChoice,National,National,State
82,0,MN,2024,NA,Workforce,Staff and Volunteers,portionMultipleChoice,National,National,State
82,0,MO,2024,NA,Workforce,Staff and Volunteers,portionMultipleChoice,National,National,State
82,0,MS,2024,NA,Workforce,Staff and Volunteers,portionMultipleChoice,National,National,State
82,0,MT,2024,NA,Workforce,Staff and Volunteers,portionMultipleChoice,National,National,State
82,0,NC,2024,NA,Workforce,Staff and Volunteers,portionMultipleChoice,National,National,State
82,0,ND,2024,NA,Workforce,Staff and Volunteers,portionMultipleChoice,National,National,State
82,0,NE,2024,NA,Workforce,Staff and Volunteers,portionMultipleChoice,National,National,State
82,0,NH,2024,NA,Workforce,Staff and Volunteers,portionMultipleChoice,National,National,State
82,0,NJ,2024,NA,Workforce,Staff and Volunteers,portionMultipleChoice,National,National,State
82,0,NM,2024,NA,Workforce,Staff and Volunteers,portionMultipleChoice,National,National,State
82,0,NV,2024,NA,Workforce,Staff and Volunteers,portionMultipleChoice,National,National,State
82,0,NY,2024,0.21,Workforce,Staff and Volunteers,portionMultipleChoice,National,National,State
82,0,OH,2024,NA,Workforce,Staff and Volunteers,portionMultipleChoice,National,National,State
82,0,OK,2024,NA,Workforce,Staff and Volunteers,portionMultipleChoice,National,National,State
82,0,OR,2024,NA,Workforce,Staff and Volunteers,portionMultipleChoice,National,National,State
82,0,PA,2024,NA,Workforce,Staff and Volunteers,portionMultipleChoice,National,National,State
82,0,RI,2024,NA,Workforce,Staff and Volunteers,portionMultipleChoice,National,National,State
82,0,SC,2024,NA,Workforce,Staff and Volunteers,portionMultipleChoice,National,National,State
82,0,SD,2024,NA,Workforce,Staff and Volunteers,portionMultipleChoice,National,National,State
82,0,TN,2024,0.2,Workforce,Staff and Volunteers,portionMultipleChoice,National,National,State
82,0,TX,2024,0.23,Workforce,Staff and Volunteers,portionMultipleChoice,National,National,State
82,0,UT,2024,NA,Workforce,Staff and Volunteers,portionMultipleChoice,National,National,State
82,0,VA,2024,NA,Workforce,Staff and Volunteers,portionMultipleChoice,National,National,State
82,0,VT,2024,NA,Workforce,Staff and Volunteers,portionMultipleChoice,National,National,State
82,0,WA,2024,NA,Workforce,Staff and Volunteers,portionMultipleChoice,National,National,State
82,0,WI,2024,NA,Workforce,Staff and Volunteers,portionMultipleChoice,National,National,State
82,0,WV,2024,NA,Workforce,Staff and Volunteers,portionMultipleChoice,National,National,State
82,0,WY,2024,NA,Workforce,Staff and Volunteers,portionMultipleChoice,National,National,State
82,1,,2024,0.16,Workforce,Staff and Volunteers,portionMultipleChoice,National,National,
82,1,Midwest,2024,0.22,Workforce,Staff and Volunteers,portionMultipleChoice,National,National,Region
82,1,Northeast,2024,0.16,Workforce,Staff and Volunteers,portionMultipleChoice,National,National,Region
82,1,South,2024,0.15,Workforce,Staff and Volunteers,portionMultipleChoice,National,National,Region
82,1,West,2024,0.16,Workforce,Staff and Volunteers,portionMultipleChoice,National,National,Region
82,1,Rural,2024,0.22,Workforce,Staff and Volunteers,portionMultipleChoice,National,National,Rural/Urban
82,1,Urban,2024,0.15,Workforce,Staff and Volunteers,portionMultipleChoice,National,National,Rural/Urban
82,1,"Arts, culture, and humanities",2024,0.22,Workforce,Staff and Volunteers,portionMultipleChoice,National,National,Sector
82,1,Education,2024,0.19,Workforce,Staff and Volunteers,portionMultipleChoice,National,National,Sector
82,1,Environment and animals,2024,0.16,Workforce,Staff and Volunteers,portionMultipleChoice,National,National,Sector
82,1,Health,2024,0.19,Workforce,Staff and Volunteers,portionMultipleChoice,National,National,Sector
82,1,Human services,2024,0.14,Workforce,Staff and Volunteers,portionMultipleChoice,National,National,Sector
82,1,"International, foreign affairs",2024,NA,Workforce,Staff and Volunteers,portionMultipleChoice,National,National,Sector
82,1,"Public, societal benefit",2024,0.19,Workforce,Staff and Volunteers,portionMultipleChoice,National,National,Sector
82,1,"$1 million - $9,999,999",2024,NA,Workforce,Staff and Volunteers,portionMultipleChoice,National,National,Size
82,1,$10 million and above,2024,NA,Workforce,Staff and Volunteers,portionMultipleChoice,National,National,Size
82,1,"$100,000 - $499,999",2024,0.25,Workforce,Staff and Volunteers,portionMultipleChoice,National,National,Size
82,1,"$500,000 - $999,999",2024,0.06,Workforce,Staff and Volunteers,portionMultipleChoice,National,National,Size
82,1,"< $100,000",2024,0.28,Workforce,Staff and Volunteers,portionMultipleChoice,National,National,Size
82,1,AK,2024,NA,Workforce,Staff and Volunteers,portionMultipleChoice,National,National,State
82,1,AL,2024,NA,Workforce,Staff and Volunteers,portionMultipleChoice,National,National,State
82,1,AR,2024,NA,Workforce,Staff and Volunteers,portionMultipleChoice,National,National,State
82,1,AZ,2024,NA,Workforce,Staff and Volunteers,portionMultipleChoice,National,National,State
82,1,CA,2024,0.15,Workforce,Staff and Volunteers,portionMultipleChoice,National,National,State
82,1,CO,2024,0.17,Workforce,Staff and Volunteers,portionMultipleChoice,National,National,State
82,1,CT,2024,NA,Workforce,Staff and Volunteers,portionMultipleChoice,National,National,State
82,1,DC,2024,NA,Workforce,Staff and Volunteers,portionMultipleChoice,National,National,State
82,1,DE,2024,NA,Workforce,Staff and Volunteers,portionMultipleChoice,National,National,State
82,1,FL,2024,NA,Workforce,Staff and Volunteers,portionMultipleChoice,National,National,State
82,1,GA,2024,NA,Workforce,Staff and Volunteers,portionMultipleChoice,National,National,State
82,1,HI,2024,NA,Workforce,Staff and Volunteers,portionMultipleChoice,National,National,State
82,1,IA,2024,NA,Workforce,Staff and Volunteers,portionMultipleChoice,National,National,State
82,1,ID,2024,NA,Workforce,Staff and Volunteers,portionMultipleChoice,National,National,State
82,1,IL,2024,NA,Workforce,Staff and Volunteers,portionMultipleChoice,National,National,State
82,1,IN,2024,NA,Workforce,Staff and Volunteers,portionMultipleChoice,National,National,State
82,1,KS,2024,NA,Workforce,Staff and Volunteers,portionMultipleChoice,National,National,State
82,1,KY,2024,NA,Workforce,Staff and Volunteers,portionMultipleChoice,National,National,State
82,1,LA,2024,NA,Workforce,Staff and Volunteers,portionMultipleChoice,National,National,State
82,1,MA,2024,0.18,Workforce,Staff and Volunteers,portionMultipleChoice,National,National,State
82,1,MD,2024,NA,Workforce,Staff and Volunteers,portionMultipleChoice,National,National,State
82,1,ME,2024,NA,Workforce,Staff and Volunteers,portionMultipleChoice,National,National,State
82,1,MI,2024,NA,Workforce,Staff and Volunteers,portionMultipleChoice,National,National,State
82,1,MN,2024,NA,Workforce,Staff and Volunteers,portionMultipleChoice,National,National,State
82,1,MO,2024,NA,Workforce,Staff and Volunteers,portionMultipleChoice,National,National,State
82,1,MS,2024,NA,Workforce,Staff and Volunteers,portionMultipleChoice,National,National,State
82,1,MT,2024,NA,Workforce,Staff and Volunteers,portionMultipleChoice,National,National,State
82,1,NC,2024,NA,Workforce,Staff and Volunteers,portionMultipleChoice,National,National,State
82,1,ND,2024,NA,Workforce,Staff and Volunteers,portionMultipleChoice,National,National,State
82,1,NE,2024,NA,Workforce,Staff and Volunteers,portionMultipleChoice,National,National,State
82,1,NH,2024,NA,Workforce,Staff and Volunteers,portionMultipleChoice,National,National,State
82,1,NJ,2024,NA,Workforce,Staff and Volunteers,portionMultipleChoice,National,National,State
82,1,NM,2024,NA,Workforce,Staff and Volunteers,portionMultipleChoice,National,National,State
82,1,NV,2024,NA,Workforce,Staff and Volunteers,portionMultipleChoice,National,National,State
82,1,NY,2024,0.17,Workforce,Staff and Volunteers,portionMultipleChoice,National,National,State
82,1,OH,2024,NA,Workforce,Staff and Volunteers,portionMultipleChoice,National,National,State
82,1,OK,2024,NA,Workforce,Staff and Volunteers,portionMultipleChoice,National,National,State
82,1,OR,2024,NA,Workforce,Staff and Volunteers,portionMultipleChoice,National,National,State
82,1,PA,2024,NA,Workforce,Staff and Volunteers,portionMultipleChoice,National,National,State
82,1,RI,2024,NA,Workforce,Staff and Volunteers,portionMultipleChoice,National,National,State
82,1,SC,2024,NA,Workforce,Staff and Volunteers,portionMultipleChoice,National,National,State
82,1,SD,2024,NA,Workforce,Staff and Volunteers,portionMultipleChoice,National,National,State
82,1,TN,2024,0.21,Workforce,Staff and Volunteers,portionMultipleChoice,National,National,State
82,1,TX,2024,0.16,Workforce,Staff and Volunteers,portionMultipleChoice,National,National,State
82,1,UT,2024,NA,Workforce,Staff and Volunteers,portionMultipleChoice,National,National,State
82,1,VA,2024,NA,Workforce,Staff and Volunteers,portionMultipleChoice,National,National,State
82,1,VT,2024,NA,Workforce,Staff and Volunteers,portionMultipleChoice,National,National,State
82,1,WA,2024,NA,Workforce,Staff and Volunteers,portionMultipleChoice,National,National,State
82,1,WI,2024,NA,Workforce,Staff and Volunteers,portionMultipleChoice,National,National,State
82,1,WV,2024,NA,Workforce,Staff and Volunteers,portionMultipleChoice,National,National,State
82,1,WY,2024,NA,Workforce,Staff and Volunteers,portionMultipleChoice,National,National,State
82,10-49,,2024,0.19,Workforce,Staff and Volunteers,portionMultipleChoice,National,National,
82,10-49,Midwest,2024,0.21,Workforce,Staff and Volunteers,portionMultipleChoice,National,National,Region
82,10-49,Northeast,2024,0.17,Workforce,Staff and Volunteers,portionMultipleChoice,National,National,Region
82,10-49,South,2024,0.19,Workforce,Staff and Volunteers,portionMultipleChoice,National,National,Region
82,10-49,West,2024,0.19,Workforce,Staff and Volunteers,portionMultipleChoice,National,National,Region
82,10-49,Rural,2024,0.1,Workforce,Staff and Volunteers,portionMultipleChoice,National,National,Rural/Urban
82,10-49,Urban,2024,0.2,Workforce,Staff and Volunteers,portionMultipleChoice,National,National,Rural/Urban
82,10-49,"Arts, culture, and humanities",2024,0.094,Workforce,Staff and Volunteers,portionMultipleChoice,National,National,Sector
82,10-49,Education,2024,0.17,Workforce,Staff and Volunteers,portionMultipleChoice,National,National,Sector
82,10-49,Environment and animals,2024,0.12,Workforce,Staff and Volunteers,portionMultipleChoice,National,National,Sector
82,10-49,Health,2024,0.28,Workforce,Staff and Volunteers,portionMultipleChoice,National,National,Sector
82,10-49,Human services,2024,0.23,Workforce,Staff and Volunteers,portionMultipleChoice,National,National,Sector
82,10-49,"International, foreign affairs",2024,0.26,Workforce,Staff and Volunteers,portionMultipleChoice,National,National,Sector
82,10-49,"Public, societal benefit",2024,0.23,Workforce,Staff and Volunteers,portionMultipleChoice,National,National,Sector
82,10-49,"$1 million - $9,999,999",2024,0.63,Workforce,Staff and Volunteers,portionMultipleChoice,National,National,Size
82,10-49,$10 million and above,2024,NA,Workforce,Staff and Volunteers,portionMultipleChoice,National,National,Size
82,10-49,"$100,000 - $499,999",2024,0.037,Workforce,Staff and Volunteers,portionMultipleChoice,National,National,Size
82,10-49,"$500,000 - $999,999",2024,0.2,Workforce,Staff and Volunteers,portionMultipleChoice,National,National,Size
82,10-49,"< $100,000",2024,NA,Workforce,Staff and Volunteers,portionMultipleChoice,National,National,Size
82,10-49,AK,2024,NA,Workforce,Staff and Volunteers,portionMultipleChoice,National,National,State
82,10-49,AL,2024,NA,Workforce,Staff and Volunteers,portionMultipleChoice,National,National,State
82,10-49,AR,2024,NA,Workforce,Staff and Volunteers,portionMultipleChoice,National,National,State
82,10-49,AZ,2024,0.23,Workforce,Staff and Volunteers,portionMultipleChoice,National,National,State
82,10-49,CA,2024,0.22,Workforce,Staff and Volunteers,portionMultipleChoice,National,National,State
82,10-49,CO,2024,0.19,Workforce,Staff and Volunteers,portionMultipleChoice,National,National,State
82,10-49,CT,2024,NA,Workforce,Staff and Volunteers,portionMultipleChoice,National,National,State
82,10-49,DC,2024,NA,Workforce,Staff and Volunteers,portionMultipleChoice,National,National,State
82,10-49,DE,2024,NA,Workforce,Staff and Volunteers,portionMultipleChoice,National,National,State
82,10-49,FL,2024,NA,Workforce,Staff and Volunteers,portionMultipleChoice,National,National,State
82,10-49,GA,2024,NA,Workforce,Staff and Volunteers,portionMultipleChoice,National,National,State
82,10-49,HI,2024,NA,Workforce,Staff and Volunteers,portionMultipleChoice,National,National,State
82,10-49,IA,2024,NA,Workforce,Staff and Volunteers,portionMultipleChoice,National,National,State
82,10-49,ID,2024,NA,Workforce,Staff and Volunteers,portionMultipleChoice,National,National,State
82,10-49,IL,2024,NA,Workforce,Staff and Volunteers,portionMultipleChoice,National,National,State
82,10-49,IN,2024,NA,Workforce,Staff and Volunteers,portionMultipleChoice,National,National,State
82,10-49,KS,2024,NA,Workforce,Staff and Volunteers,portionMultipleChoice,National,National,State
82,10-49,KY,2024,NA,Workforce,Staff and Volunteers,portionMultipleChoice,National,National,State
82,10-49,LA,2024,NA,Workforce,Staff and Volunteers,portionMultipleChoice,National,National,State
82,10-49,MA,2024,0.22,Workforce,Staff and Volunteers,portionMultipleChoice,National,National,State
82,10-49,MD,2024,NA,Workforce,Staff and Volunteers,portionMultipleChoice,National,National,State
82,10-49,ME,2024,NA,Workforce,Staff and Volunteers,portionMultipleChoice,National,National,State
82,10-49,MI,2024,NA,Workforce,Staff and Volunteers,portionMultipleChoice,National,National,State
82,10-49,MN,2024,NA,Workforce,Staff and Volunteers,portionMultipleChoice,National,National,State
82,10-49,MO,2024,NA,Workforce,Staff and Volunteers,portionMultipleChoice,National,National,State
82,10-49,MS,2024,NA,Workforce,Staff and Volunteers,portionMultipleChoice,National,National,State
82,10-49,MT,2024,NA,Workforce,Staff and Volunteers,portionMultipleChoice,National,National,State
82,10-49,NC,2024,NA,Workforce,Staff and Volunteers,portionMultipleChoice,National,National,State
82,10-49,ND,2024,NA,Workforce,Staff and Volunteers,portionMultipleChoice,National,National,State
82,10-49,NE,2024,NA,Workforce,Staff and Volunteers,portionMultipleChoice,National,National,State
82,10-49,NH,2024,NA,Workforce,Staff and Volunteers,portionMultipleChoice,National,National,State
82,10-49,NJ,2024,NA,Workforce,Staff and Volunteers,portionMultipleChoice,National,National,State
82,10-49,NM,2024,NA,Workforce,Staff and Volunteers,portionMultipleChoice,National,National,State
82,10-49,NV,2024,NA,Workforce,Staff and Volunteers,portionMultipleChoice,National,National,State
82,10-49,NY,2024,0.19,Workforce,Staff and Volunteers,portionMultipleChoice,National,National,State
82,10-49,OH,2024,NA,Workforce,Staff and Volunteers,portionMultipleChoice,National,National,State
82,10-49,OK,2024,NA,Workforce,Staff and Volunteers,portionMultipleChoice,National,National,State
82,10-49,OR,2024,NA,Workforce,Staff and Volunteers,portionMultipleChoice,National,National,State
82,10-49,PA,2024,NA,Workforce,Staff and Volunteers,portionMultipleChoice,National,National,State
82,10-49,RI,2024,NA,Workforce,Staff and Volunteers,portionMultipleChoice,National,National,State
82,10-49,SC,2024,NA,Workforce,Staff and Volunteers,portionMultipleChoice,National,National,State
82,10-49,SD,2024,NA,Workforce,Staff and Volunteers,portionMultipleChoice,National,National,State
82,10-49,TN,2024,0.21,Workforce,Staff and Volunteers,portionMultipleChoice,National,National,State
82,10-49,TX,2024,0.25,Workforce,Staff and Volunteers,portionMultipleChoice,National,National,State
82,10-49,UT,2024,NA,Workforce,Staff and Volunteers,portionMultipleChoice,National,National,State
82,10-49,VA,2024,NA,Workforce,Staff and Volunteers,portionMultipleChoice,National,National,State
82,10-49,VT,2024,NA,Workforce,Staff and Volunteers,portionMultipleChoice,National,National,State
82,10-49,WA,2024,NA,Workforce,Staff and Volunteers,portionMultipleChoice,National,National,State
82,10-49,WI,2024,NA,Workforce,Staff and Volunteers,portionMultipleChoice,National,National,State
82,10-49,WV,2024,NA,Workforce,Staff and Volunteers,portionMultipleChoice,National,National,State
82,10-49,WY,2024,NA,Workforce,Staff and Volunteers,portionMultipleChoice,National,National,State
82,2-9,,2024,0.38,Workforce,Staff and Volunteers,portionMultipleChoice,National,National,
82,2-9,Midwest,2024,0.38,Workforce,Staff and Volunteers,portionMultipleChoice,National,National,Region
82,2-9,Northeast,2024,0.39,Workforce,Staff and Volunteers,portionMultipleChoice,National,National,Region
82,2-9,South,2024,0.38,Workforce,Staff and Volunteers,portionMultipleChoice,National,National,Region
82,2-9,West,2024,0.39,Workforce,Staff and Volunteers,portionMultipleChoice,National,National,Region
82,2-9,Rural,2024,0.36,Workforce,Staff and Volunteers,portionMultipleChoice,National,National,Rural/Urban
82,2-9,Urban,2024,0.38,Workforce,Staff and Volunteers,portionMultipleChoice,National,National,Rural/Urban
82,2-9,"Arts, culture, and humanities",2024,0.41,Workforce,Staff and Volunteers,portionMultipleChoice,National,National,Sector
82,2-9,Education,2024,0.38,Workforce,Staff and Volunteers,portionMultipleChoice,National,National,Sector
82,2-9,Environment and animals,2024,0.34,Workforce,Staff and Volunteers,portionMultipleChoice,National,National,Sector
82,2-9,Health,2024,0.53,Workforce,Staff and Volunteers,portionMultipleChoice,National,National,Sector
82,2-9,Human services,2024,0.38,Workforce,Staff and Volunteers,portionMultipleChoice,National,National,Sector
82,2-9,"International, foreign affairs",2024,0.4,Workforce,Staff and Volunteers,portionMultipleChoice,National,National,Sector
82,2-9,"Public, societal benefit",2024,0.41,Workforce,Staff and Volunteers,portionMultipleChoice,National,National,Sector
82,2-9,"$1 million - $9,999,999",2024,0.26,Workforce,Staff and Volunteers,portionMultipleChoice,National,National,Size
82,2-9,$10 million and above,2024,NA,Workforce,Staff and Volunteers,portionMultipleChoice,National,National,Size
82,2-9,"$100,000 - $499,999",2024,0.5,Workforce,Staff and Volunteers,portionMultipleChoice,National,National,Size
82,2-9,"$500,000 - $999,999",2024,0.68,Workforce,Staff and Volunteers,portionMultipleChoice,National,National,Size
82,2-9,"< $100,000",2024,0.15,Workforce,Staff and Volunteers,portionMultipleChoice,National,National,Size
82,2-9,AK,2024,NA,Workforce,Staff and Volunteers,portionMultipleChoice,National,National,State
82,2-9,AL,2024,1,Workforce,Staff and Volunteers,portionMultipleChoice,National,National,State
82,2-9,AR,2024,1,Workforce,Staff and Volunteers,portionMultipleChoice,National,National,State
82,2-9,AZ,2024,0.5,Workforce,Staff and Volunteers,portionMultipleChoice,National,National,State
82,2-9,CA,2024,0.39,Workforce,Staff and Volunteers,portionMultipleChoice,National,National,State
82,2-9,CO,2024,0.45,Workforce,Staff and Volunteers,portionMultipleChoice,National,National,State
82,2-9,CT,2024,NA,Workforce,Staff and Volunteers,portionMultipleChoice,National,National,State
82,2-9,DC,2024,NA,Workforce,Staff and Volunteers,portionMultipleChoice,National,National,State
82,2-9,DE,2024,NA,Workforce,Staff and Volunteers,portionMultipleChoice,National,National,State
82,2-9,FL,2024,1,Workforce,Staff and Volunteers,portionMultipleChoice,National,National,State
82,2-9,GA,2024,1,Workforce,Staff and Volunteers,portionMultipleChoice,National,National,State
82,2-9,HI,2024,NA,Workforce,Staff and Volunteers,portionMultipleChoice,National,National,State
82,2-9,IA,2024,NA,Workforce,Staff and Volunteers,portionMultipleChoice,National,National,State
82,2-9,ID,2024,1,Workforce,Staff and Volunteers,portionMultipleChoice,National,National,State
82,2-9,IL,2024,1,Workforce,Staff and Volunteers,portionMultipleChoice,National,National,State
82,2-9,IN,2024,1,Workforce,Staff and Volunteers,portionMultipleChoice,National,National,State
82,2-9,KS,2024,NA,Workforce,Staff and Volunteers,portionMultipleChoice,National,National,State
82,2-9,KY,2024,1,Workforce,Staff and Volunteers,portionMultipleChoice,National,National,State
82,2-9,LA,2024,1,Workforce,Staff and Volunteers,portionMultipleChoice,National,National,State
82,2-9,MA,2024,0.4,Workforce,Staff and Volunteers,portionMultipleChoice,National,National,State
82,2-9,MD,2024,NA,Workforce,Staff and Volunteers,portionMultipleChoice,National,National,State
82,2-9,ME,2024,NA,Workforce,Staff and Volunteers,portionMultipleChoice,National,National,State
82,2-9,MI,2024,NA,Workforce,Staff and Volunteers,portionMultipleChoice,National,National,State
82,2-9,MN,2024,NA,Workforce,Staff and Volunteers,portionMultipleChoice,National,National,State
82,2-9,MO,2024,NA,Workforce,Staff and Volunteers,portionMultipleChoice,National,National,State
82,2-9,MS,2024,NA,Workforce,Staff and Volunteers,portionMultipleChoice,National,National,State
82,2-9,MT,2024,1,Workforce,Staff and Volunteers,portionMultipleChoice,National,National,State
82,2-9,NC,2024,1,Workforce,Staff and Volunteers,portionMultipleChoice,National,National,State
82,2-9,ND,2024,NA,Workforce,Staff and Volunteers,portionMultipleChoice,National,National,State
82,2-9,NE,2024,NA,Workforce,Staff and Volunteers,portionMultipleChoice,National,National,State
82,2-9,NH,2024,NA,Workforce,Staff and Volunteers,portionMultipleChoice,National,National,State
82,2-9,NJ,2024,NA,Workforce,Staff and Volunteers,portionMultipleChoice,National,National,State
82,2-9,NM,2024,1,Workforce,Staff and Volunteers,portionMultipleChoice,National,National,State
82,2-9,NV,2024,NA,Workforce,Staff and Volunteers,portionMultipleChoice,National,National,State
82,2-9,NY,2024,0.43,Workforce,Staff and Volunteers,portionMultipleChoice,National,National,State
82,2-9,OH,2024,1,Workforce,Staff and Volunteers,portionMultipleChoice,National,National,State
82,2-9,OK,2024,1,Workforce,Staff and Volunteers,portionMultipleChoice,National,National,State
82,2-9,OR,2024,NA,Workforce,Staff and Volunteers,portionMultipleChoice,National,National,State
82,2-9,PA,2024,1,Workforce,Staff and Volunteers,portionMultipleChoice,National,National,State
82,2-9,RI,2024,NA,Workforce,Staff and Volunteers,portionMultipleChoice,National,National,State
82,2-9,SC,2024,NA,Workforce,Staff and Volunteers,portionMultipleChoice,National,National,State
82,2-9,SD,2024,NA,Workforce,Staff and Volunteers,portionMultipleChoice,National,National,State
82,2-9,TN,2024,0.37,Workforce,Staff and Volunteers,portionMultipleChoice,National,National,State
82,2-9,TX,2024,0.36,Workforce,Staff and Volunteers,portionMultipleChoice,National,National,State
82,2-9,UT,2024,1,Workforce,Staff and Volunteers,portionMultipleChoice,National,National,State
82,2-9,VA,2024,NA,Workforce,Staff and Volunteers,portionMultipleChoice,National,National,State
82,2-9,VT,2024,NA,Workforce,Staff and Volunteers,portionMultipleChoice,National,National,State
82,2-9,WA,2024,1,Workforce,Staff and Volunteers,portionMultipleChoice,National,National,State
82,2-9,WI,2024,1,Workforce,Staff and Volunteers,portionMultipleChoice,National,National,State
82,2-9,WV,2024,NA,Workforce,Staff and Volunteers,portionMultipleChoice,National,National,State
82,2-9,WY,2024,NA,Workforce,Staff and Volunteers,portionMultipleChoice,National,National,State
82,50+,,2024,0.074,Workforce,Staff and Volunteers,portionMultipleChoice,National,National,
82,50+,Midwest,2024,NA,Workforce,Staff and Volunteers,portionMultipleChoice,National,National,Region
82,50+,Northeast,2024,0.091,Workforce,Staff and Volunteers,portionMultipleChoice,National,National,Region
82,50+,South,2024,0.073,Workforce,Staff and Volunteers,portionMultipleChoice,National,National,Region
82,50+,West,2024,0.066,Workforce,Staff and Volunteers,portionMultipleChoice,National,National,Region
82,50+,Rural,2024,NA,Workforce,Staff and Volunteers,portionMultipleChoice,National,National,Rural/Urban
82,50+,Urban,2024,0.08,Workforce,Staff and Volunteers,portionMultipleChoice,National,National,Rural/Urban
82,50+,"Arts, culture, and humanities",2024,NA,Workforce,Staff and Volunteers,portionMultipleChoice,National,National,Sector
82,50+,Education,2024,NA,Workforce,Staff and Volunteers,portionMultipleChoice,National,National,Sector
82,50+,Environment and animals,2024,NA,Workforce,Staff and Volunteers,portionMultipleChoice,National,National,Sector
82,50+,Health,2024,NA,Workforce,Staff and Volunteers,portionMultipleChoice,National,National,Sector
82,50+,Human services,2024,0.11,Workforce,Staff and Volunteers,portionMultipleChoice,National,National,Sector
82,50+,"International, foreign affairs",2024,NA,Workforce,Staff and Volunteers,portionMultipleChoice,National,National,Sector
82,50+,"Public, societal benefit",2024,NA,Workforce,Staff and Volunteers,portionMultipleChoice,National,National,Sector
82,50+,"$1 million - $9,999,999",2024,0.12,Workforce,Staff and Volunteers,portionMultipleChoice,National,National,Size
82,50+,$10 million and above,2024,1,Workforce,Staff and Volunteers,portionMultipleChoice,National,National,Size
82,50+,"$100,000 - $499,999",2024,NA,Workforce,Staff and Volunteers,portionMultipleChoice,National,National,Size
82,50+,"$500,000 - $999,999",2024,NA,Workforce,Staff and Volunteers,portionMultipleChoice,National,National,Size
82,50+,"< $100,000",2024,NA,Workforce,Staff and Volunteers,portionMultipleChoice,National,National,Size
82,50+,AK,2024,NA,Workforce,Staff and Volunteers,portionMultipleChoice,National,National,State
82,50+,AL,2024,NA,Workforce,Staff and Volunteers,portionMultipleChoice,National,National,State
82,50+,AR,2024,NA,Workforce,Staff and Volunteers,portionMultipleChoice,National,National,State
82,50+,AZ,2024,NA,Workforce,Staff and Volunteers,portionMultipleChoice,National,National,State
82,50+,CA,2024,NA,Workforce,Staff and Volunteers,portionMultipleChoice,National,National,State
82,50+,CO,2024,NA,Workforce,Staff and Volunteers,portionMultipleChoice,National,National,State
82,50+,CT,2024,NA,Workforce,Staff and Volunteers,portionMultipleChoice,National,National,State
82,50+,DC,2024,NA,Workforce,Staff and Volunteers,portionMultipleChoice,National,National,State
82,50+,DE,2024,NA,Workforce,Staff and Volunteers,portionMultipleChoice,National,National,State
82,50+,FL,2024,NA,Workforce,Staff and Volunteers,portionMultipleChoice,National,National,State
82,50+,GA,2024,NA,Workforce,Staff and Volunteers,portionMultipleChoice,National,National,State
82,50+,HI,2024,NA,Workforce,Staff and Volunteers,portionMultipleChoice,National,National,State
82,50+,IA,2024,NA,Workforce,Staff and Volunteers,portionMultipleChoice,National,National,State
82,50+,ID,2024,NA,Workforce,Staff and Volunteers,portionMultipleChoice,National,National,State
82,50+,IL,2024,NA,Workforce,Staff and Volunteers,portionMultipleChoice,National,National,State
82,50+,IN,2024,NA,Workforce,Staff and Volunteers,portionMultipleChoice,National,National,State
82,50+,KS,2024,NA,Workforce,Staff and Volunteers,portionMultipleChoice,National,National,State
82,50+,KY,2024,NA,Workforce,Staff and Volunteers,portionMultipleChoice,National,National,State
82,50+,LA,2024,NA,Workforce,Staff and Volunteers,portionMultipleChoice,National,National,State
82,50+,MA,2024,NA,Workforce,Staff and Volunteers,portionMultipleChoice,National,National,State
82,50+,MD,2024,NA,Workforce,Staff and Volunteers,portionMultipleChoice,National,National,State
82,50+,ME,2024,NA,Workforce,Staff and Volunteers,portionMultipleChoice,National,National,State
82,50+,MI,2024,NA,Workforce,Staff and Volunteers,portionMultipleChoice,National,National,State
82,50+,MN,2024,NA,Workforce,Staff and Volunteers,portionMultipleChoice,National,National,State
82,50+,MO,2024,NA,Workforce,Staff and Volunteers,portionMultipleChoice,National,National,State
82,50+,MS,2024,NA,Workforce,Staff and Volunteers,portionMultipleChoice,National,National,State
82,50+,MT,2024,NA,Workforce,Staff and Volunteers,portionMultipleChoice,National,National,State
82,50+,NC,2024,NA,Workforce,Staff and Volunteers,portionMultipleChoice,National,National,State
82,50+,ND,2024,NA,Workforce,Staff and Volunteers,portionMultipleChoice,National,National,State
82,50+,NE,2024,NA,Workforce,Staff and Volunteers,portionMultipleChoice,National,National,State
82,50+,NH,2024,NA,Workforce,Staff and Volunteers,portionMultipleChoice,National,National,State
82,50+,NJ,2024,NA,Workforce,Staff and Volunteers,portionMultipleChoice,National,National,State
82,50+,NM,2024,NA,Workforce,Staff and Volunteers,portionMultipleChoice,National,National,State
82,50+,NV,2024,NA,Workforce,Staff and Volunteers,portionMultipleChoice,National,National,State
82,50+,NY,2024,NA,Workforce,Staff and Volunteers,portionMultipleChoice,National,National,State
82,50+,OH,2024,NA,Workforce,Staff and Volunteers,portionMultipleChoice,National,National,State
82,50+,OK,2024,NA,Workforce,Staff and Volunteers,portionMultipleChoice,National,National,State
82,50+,OR,2024,NA,Workforce,Staff and Volunteers,portionMultipleChoice,National,National,State
82,50+,PA,2024,NA,Workforce,Staff and Volunteers,portionMultipleChoice,National,National,State
82,50+,RI,2024,NA,Workforce,Staff and Volunteers,portionMultipleChoice,National,National,State
82,50+,SC,2024,NA,Workforce,Staff and Volunteers,portionMultipleChoice,National,National,State
82,50+,SD,2024,NA,Workforce,Staff and Volunteers,portionMultipleChoice,National,National,State
82,50+,TN,2024,NA,Workforce,Staff and Volunteers,portionMultipleChoice,National,National,State
82,50+,TX,2024,NA,Workforce,Staff and Volunteers,portionMultipleChoice,National,National,State
82,50+,UT,2024,NA,Workforce,Staff and Volunteers,portionMultipleChoice,National,National,State
82,50+,VA,2024,NA,Workforce,Staff and Volunteers,portionMultipleChoice,National,National,State
82,50+,VT,2024,NA,Workforce,Staff and Volunteers,portionMultipleChoice,National,National,State
82,50+,WA,2024,NA,Workforce,Staff and Volunteers,portionMultipleChoice,National,National,State
82,50+,WI,2024,NA,Workforce,Staff and Volunteers,portionMultipleChoice,National,National,State
82,50+,WV,2024,NA,Workforce,Staff and Volunteers,portionMultipleChoice,National,National,State
82,50+,WY,2024,NA,Workforce,Staff and Volunteers,portionMultipleChoice,National,National,State
82,0,,2025,0.2,Workforce,Staff and Volunteers,portionMultipleChoice,National,National,
82,0,Midwest,2025,0.21,Workforce,Staff and Volunteers,portionMultipleChoice,National,National,Region
82,0,Northeast,2025,0.18,Workforce,Staff and Volunteers,portionMultipleChoice,National,National,Region
82,0,South,2025,0.21,Workforce,Staff and Volunteers,portionMultipleChoice,National,National,Region
82,0,West,2025,0.2,Workforce,Staff and Volunteers,portionMultipleChoice,National,National,Region
82,0,Rural,2025,0.33,Workforce,Staff and Volunteers,portionMultipleChoice,National,National,Rural/Urban
82,0,Urban,2025,0.18,Workforce,Staff and Volunteers,portionMultipleChoice,National,National,Rural/Urban
82,0,"Arts, culture, and humanities",2025,0.28,Workforce,Staff and Volunteers,portionMultipleChoice,National,National,Sector
82,0,Education,2025,0.26,Workforce,Staff and Volunteers,portionMultipleChoice,National,National,Sector
82,0,Environment and animals,2025,0.4,Workforce,Staff and Volunteers,portionMultipleChoice,National,National,Sector
82,0,Health,2025,NA,Workforce,Staff and Volunteers,portionMultipleChoice,National,National,Sector
82,0,Human services,2025,0.15,Workforce,Staff and Volunteers,portionMultipleChoice,National,National,Sector
82,0,"International, foreign affairs",2025,NA,Workforce,Staff and Volunteers,portionMultipleChoice,National,National,Sector
82,0,"Public, societal benefit",2025,0.16,Workforce,Staff and Volunteers,portionMultipleChoice,National,National,Sector
82,0,"$1 million - $9,999,999",2025,NA,Workforce,Staff and Volunteers,portionMultipleChoice,National,National,Size
82,0,$10 million and above,2025,NA,Workforce,Staff and Volunteers,portionMultipleChoice,National,National,Size
82,0,"$100,000 - $499,999",2025,0.21,Workforce,Staff and Volunteers,portionMultipleChoice,National,National,Size
82,0,"$500,000 - $999,999",2025,NA,Workforce,Staff and Volunteers,portionMultipleChoice,National,National,Size
82,0,"< $100,000",2025,0.59,Workforce,Staff and Volunteers,portionMultipleChoice,National,National,Size
82,0,AK,2025,NA,Workforce,Staff and Volunteers,portionMultipleChoice,National,National,State
82,0,AL,2025,NA,Workforce,Staff and Volunteers,portionMultipleChoice,National,National,State
82,0,AR,2025,NA,Workforce,Staff and Volunteers,portionMultipleChoice,National,National,State
82,0,AZ,2025,NA,Workforce,Staff and Volunteers,portionMultipleChoice,National,National,State
82,0,CA,2025,0.36,Workforce,Staff and Volunteers,portionMultipleChoice,National,National,State
82,0,CO,2025,0.18,Workforce,Staff and Volunteers,portionMultipleChoice,National,National,State
82,0,CT,2025,NA,Workforce,Staff and Volunteers,portionMultipleChoice,National,National,State
82,0,DC,2025,NA,Workforce,Staff and Volunteers,portionMultipleChoice,National,National,State
82,0,DE,2025,NA,Workforce,Staff and Volunteers,portionMultipleChoice,National,National,State
82,0,FL,2025,NA,Workforce,Staff and Volunteers,portionMultipleChoice,National,National,State
82,0,GA,2025,NA,Workforce,Staff and Volunteers,portionMultipleChoice,National,National,State
82,0,HI,2025,NA,Workforce,Staff and Volunteers,portionMultipleChoice,National,National,State
82,0,IA,2025,NA,Workforce,Staff and Volunteers,portionMultipleChoice,National,National,State
82,0,ID,2025,NA,Workforce,Staff and Volunteers,portionMultipleChoice,National,National,State
82,0,IL,2025,NA,Workforce,Staff and Volunteers,portionMultipleChoice,National,National,State
82,0,IN,2025,NA,Workforce,Staff and Volunteers,portionMultipleChoice,National,National,State
82,0,KS,2025,NA,Workforce,Staff and Volunteers,portionMultipleChoice,National,National,State
82,0,KY,2025,NA,Workforce,Staff and Volunteers,portionMultipleChoice,National,National,State
82,0,LA,2025,NA,Workforce,Staff and Volunteers,portionMultipleChoice,National,National,State
82,0,MA,2025,0.15,Workforce,Staff and Volunteers,portionMultipleChoice,National,National,State
82,0,MD,2025,NA,Workforce,Staff and Volunteers,portionMultipleChoice,National,National,State
82,0,ME,2025,NA,Workforce,Staff and Volunteers,portionMultipleChoice,National,National,State
82,0,MI,2025,NA,Workforce,Staff and Volunteers,portionMultipleChoice,National,National,State
82,0,MN,2025,NA,Workforce,Staff and Volunteers,portionMultipleChoice,National,National,State
82,0,MO,2025,NA,Workforce,Staff and Volunteers,portionMultipleChoice,National,National,State
82,0,MS,2025,NA,Workforce,Staff and Volunteers,portionMultipleChoice,National,National,State
82,0,MT,2025,NA,Workforce,Staff and Volunteers,portionMultipleChoice,National,National,State
82,0,NC,2025,NA,Workforce,Staff and Volunteers,portionMultipleChoice,National,National,State
82,0,ND,2025,NA,Workforce,Staff and Volunteers,portionMultipleChoice,National,National,State
82,0,NE,2025,NA,Workforce,Staff and Volunteers,portionMultipleChoice,National,National,State
82,0,NH,2025,NA,Workforce,Staff and Volunteers,portionMultipleChoice,National,National,State
82,0,NJ,2025,NA,Workforce,Staff and Volunteers,portionMultipleChoice,National,National,State
82,0,NM,2025,NA,Workforce,Staff and Volunteers,portionMultipleChoice,National,National,State
82,0,NV,2025,NA,Workforce,Staff and Volunteers,portionMultipleChoice,National,National,State
82,0,NY,2025,NA,Workforce,Staff and Volunteers,portionMultipleChoice,National,National,State
82,0,OH,2025,NA,Workforce,Staff and Volunteers,portionMultipleChoice,National,National,State
82,0,OK,2025,NA,Workforce,Staff and Volunteers,portionMultipleChoice,National,National,State
82,0,OR,2025,NA,Workforce,Staff and Volunteers,portionMultipleChoice,National,National,State
82,0,PA,2025,NA,Workforce,Staff and Volunteers,portionMultipleChoice,National,National,State
82,0,RI,2025,NA,Workforce,Staff and Volunteers,portionMultipleChoice,National,National,State
82,0,SC,2025,NA,Workforce,Staff and Volunteers,portionMultipleChoice,National,National,State
82,0,SD,2025,NA,Workforce,Staff and Volunteers,portionMultipleChoice,National,National,State
82,0,TN,2025,NA,Workforce,Staff and Volunteers,portionMultipleChoice,National,National,State
82,0,TX,2025,0.2,Workforce,Staff and Volunteers,portionMultipleChoice,National,National,State
82,0,UT,2025,NA,Workforce,Staff and Volunteers,portionMultipleChoice,National,National,State
82,0,VA,2025,NA,Workforce,Staff and Volunteers,portionMultipleChoice,National,National,State
82,0,VT,2025,NA,Workforce,Staff and Volunteers,portionMultipleChoice,National,National,State
82,0,WA,2025,NA,Workforce,Staff and Volunteers,portionMultipleChoice,National,National,State
82,0,WI,2025,NA,Workforce,Staff and Volunteers,portionMultipleChoice,National,National,State
82,0,WV,2025,NA,Workforce,Staff and Volunteers,portionMultipleChoice,National,National,State
82,0,WY,2025,NA,Workforce,Staff and Volunteers,portionMultipleChoice,National,National,State
82,1,,2025,0.14,Workforce,Staff and Volunteers,portionMultipleChoice,National,National,
82,1,Midwest,2025,0.16,Workforce,Staff and Volunteers,portionMultipleChoice,National,National,Region
82,1,Northeast,2025,0.16,Workforce,Staff and Volunteers,portionMultipleChoice,National,National,Region
82,1,South,2025,0.12,Workforce,Staff and Volunteers,portionMultipleChoice,National,National,Region
82,1,West,2025,0.15,Workforce,Staff and Volunteers,portionMultipleChoice,National,National,Region
82,1,Rural,2025,0.19,Workforce,Staff and Volunteers,portionMultipleChoice,National,National,Rural/Urban
82,1,Urban,2025,0.13,Workforce,Staff and Volunteers,portionMultipleChoice,National,National,Rural/Urban
82,1,"Arts, culture, and humanities",2025,0.23,Workforce,Staff and Volunteers,portionMultipleChoice,National,National,Sector
82,1,Education,2025,NA,Workforce,Staff and Volunteers,portionMultipleChoice,National,National,Sector
82,1,Environment and animals,2025,0.11,Workforce,Staff and Volunteers,portionMultipleChoice,National,National,Sector
82,1,Health,2025,NA,Workforce,Staff and Volunteers,portionMultipleChoice,National,National,Sector
82,1,Human services,2025,0.12,Workforce,Staff and Volunteers,portionMultipleChoice,National,National,Sector
82,1,"International, foreign affairs",2025,NA,Workforce,Staff and Volunteers,portionMultipleChoice,National,National,Sector
82,1,"Public, societal benefit",2025,0.17,Workforce,Staff and Volunteers,portionMultipleChoice,National,National,Sector
82,1,"$1 million - $9,999,999",2025,NA,Workforce,Staff and Volunteers,portionMultipleChoice,National,National,Size
82,1,$10 million and above,2025,NA,Workforce,Staff and Volunteers,portionMultipleChoice,National,National,Size
82,1,"$100,000 - $499,999",2025,0.22,Workforce,Staff and Volunteers,portionMultipleChoice,National,National,Size
82,1,"$500,000 - $999,999",2025,NA,Workforce,Staff and Volunteers,portionMultipleChoice,National,National,Size
82,1,"< $100,000",2025,0.25,Workforce,Staff and Volunteers,portionMultipleChoice,National,National,Size
82,1,AK,2025,NA,Workforce,Staff and Volunteers,portionMultipleChoice,National,National,State
82,1,AL,2025,NA,Workforce,Staff and Volunteers,portionMultipleChoice,National,National,State
82,1,AR,2025,NA,Workforce,Staff and Volunteers,portionMultipleChoice,National,National,State
82,1,AZ,2025,NA,Workforce,Staff and Volunteers,portionMultipleChoice,National,National,State
82,1,CA,2025,NA,Workforce,Staff and Volunteers,portionMultipleChoice,National,National,State
82,1,CO,2025,0.17,Workforce,Staff and Volunteers,portionMultipleChoice,National,National,State
82,1,CT,2025,NA,Workforce,Staff and Volunteers,portionMultipleChoice,National,National,State
82,1,DC,2025,NA,Workforce,Staff and Volunteers,portionMultipleChoice,National,National,State
82,1,DE,2025,NA,Workforce,Staff and Volunteers,portionMultipleChoice,National,National,State
82,1,FL,2025,NA,Workforce,Staff and Volunteers,portionMultipleChoice,National,National,State
82,1,GA,2025,NA,Workforce,Staff and Volunteers,portionMultipleChoice,National,National,State
82,1,HI,2025,NA,Workforce,Staff and Volunteers,portionMultipleChoice,National,National,State
82,1,IA,2025,NA,Workforce,Staff and Volunteers,portionMultipleChoice,National,National,State
82,1,ID,2025,NA,Workforce,Staff and Volunteers,portionMultipleChoice,National,National,State
82,1,IL,2025,NA,Workforce,Staff and Volunteers,portionMultipleChoice,National,National,State
82,1,IN,2025,NA,Workforce,Staff and Volunteers,portionMultipleChoice,National,National,State
82,1,KS,2025,NA,Workforce,Staff and Volunteers,portionMultipleChoice,National,National,State
82,1,KY,2025,NA,Workforce,Staff and Volunteers,portionMultipleChoice,National,National,State
82,1,LA,2025,NA,Workforce,Staff and Volunteers,portionMultipleChoice,National,National,State
82,1,MA,2025,0.14,Workforce,Staff and Volunteers,portionMultipleChoice,National,National,State
82,1,MD,2025,NA,Workforce,Staff and Volunteers,portionMultipleChoice,National,National,State
82,1,ME,2025,NA,Workforce,Staff and Volunteers,portionMultipleChoice,National,National,State
82,1,MI,2025,NA,Workforce,Staff and Volunteers,portionMultipleChoice,National,National,State
82,1,MN,2025,NA,Workforce,Staff and Volunteers,portionMultipleChoice,National,National,State
82,1,MO,2025,NA,Workforce,Staff and Volunteers,portionMultipleChoice,National,National,State
82,1,MS,2025,NA,Workforce,Staff and Volunteers,portionMultipleChoice,National,National,State
82,1,MT,2025,NA,Workforce,Staff and Volunteers,portionMultipleChoice,National,National,State
82,1,NC,2025,NA,Workforce,Staff and Volunteers,portionMultipleChoice,National,National,State
82,1,ND,2025,NA,Workforce,Staff and Volunteers,portionMultipleChoice,National,National,State
82,1,NE,2025,NA,Workforce,Staff and Volunteers,portionMultipleChoice,National,National,State
82,1,NH,2025,NA,Workforce,Staff and Volunteers,portionMultipleChoice,National,National,State
82,1,NJ,2025,NA,Workforce,Staff and Volunteers,portionMultipleChoice,National,National,State
82,1,NM,2025,NA,Workforce,Staff and Volunteers,portionMultipleChoice,National,National,State
82,1,NV,2025,NA,Workforce,Staff and Volunteers,portionMultipleChoice,National,National,State
82,1,NY,2025,NA,Workforce,Staff and Volunteers,portionMultipleChoice,National,National,State
82,1,OH,2025,NA,Workforce,Staff and Volunteers,portionMultipleChoice,National,National,State
82,1,OK,2025,NA,Workforce,Staff and Volunteers,portionMultipleChoice,National,National,State
82,1,OR,2025,NA,Workforce,Staff and Volunteers,portionMultipleChoice,National,National,State
82,1,PA,2025,NA,Workforce,Staff and Volunteers,portionMultipleChoice,National,National,State
82,1,RI,2025,NA,Workforce,Staff and Volunteers,portionMultipleChoice,National,National,State
82,1,SC,2025,NA,Workforce,Staff and Volunteers,portionMultipleChoice,National,National,State
82,1,SD,2025,NA,Workforce,Staff and Volunteers,portionMultipleChoice,National,National,State
82,1,TN,2025,NA,Workforce,Staff and Volunteers,portionMultipleChoice,National,National,State
82,1,TX,2025,0.14,Workforce,Staff and Volunteers,portionMultipleChoice,National,National,State
82,1,UT,2025,NA,Workforce,Staff and Volunteers,portionMultipleChoice,National,National,State
82,1,VA,2025,NA,Workforce,Staff and Volunteers,portionMultipleChoice,National,National,State
82,1,VT,2025,NA,Workforce,Staff and Volunteers,portionMultipleChoice,National,National,State
82,1,WA,2025,NA,Workforce,Staff and Volunteers,portionMultipleChoice,National,National,State
82,1,WI,2025,NA,Workforce,Staff and Volunteers,portionMultipleChoice,National,National,State
82,1,WV,2025,NA,Workforce,Staff and Volunteers,portionMultipleChoice,National,National,State
82,1,WY,2025,NA,Workforce,Staff and Volunteers,portionMultipleChoice,National,National,State
82,10-49,,2025,0.19,Workforce,Staff and Volunteers,portionMultipleChoice,National,National,
82,10-49,Midwest,2025,0.16,Workforce,Staff and Volunteers,portionMultipleChoice,National,National,Region
82,10-49,Northeast,2025,0.2,Workforce,Staff and Volunteers,portionMultipleChoice,National,National,Region
82,10-49,South,2025,0.2,Workforce,Staff and Volunteers,portionMultipleChoice,National,National,Region
82,10-49,West,2025,0.21,Workforce,Staff and Volunteers,portionMultipleChoice,National,National,Region
82,10-49,Rural,2025,0.12,Workforce,Staff and Volunteers,portionMultipleChoice,National,National,Rural/Urban
82,10-49,Urban,2025,0.2,Workforce,Staff and Volunteers,portionMultipleChoice,National,National,Rural/Urban
82,10-49,"Arts, culture, and humanities",2025,0.081,Workforce,Staff and Volunteers,portionMultipleChoice,National,National,Sector
82,10-49,Education,2025,0.28,Workforce,Staff and Volunteers,portionMultipleChoice,National,National,Sector
82,10-49,Environment and animals,2025,0.14,Workforce,Staff and Volunteers,portionMultipleChoice,National,National,Sector
82,10-49,Health,2025,0.31,Workforce,Staff and Volunteers,portionMultipleChoice,National,National,Sector
82,10-49,Human services,2025,0.23,Workforce,Staff and Volunteers,portionMultipleChoice,National,National,Sector
82,10-49,"International, foreign affairs",2025,NA,Workforce,Staff and Volunteers,portionMultipleChoice,National,National,Sector
82,10-49,"Public, societal benefit",2025,0.25,Workforce,Staff and Volunteers,portionMultipleChoice,National,National,Sector
82,10-49,"$1 million - $9,999,999",2025,0.63,Workforce,Staff and Volunteers,portionMultipleChoice,National,National,Size
82,10-49,$10 million and above,2025,NA,Workforce,Staff and Volunteers,portionMultipleChoice,National,National,Size
82,10-49,"$100,000 - $499,999",2025,0.035,Workforce,Staff and Volunteers,portionMultipleChoice,National,National,Size
82,10-49,"$500,000 - $999,999",2025,0.27,Workforce,Staff and Volunteers,portionMultipleChoice,National,National,Size
82,10-49,"< $100,000",2025,NA,Workforce,Staff and Volunteers,portionMultipleChoice,National,National,Size
82,10-49,AK,2025,NA,Workforce,Staff and Volunteers,portionMultipleChoice,National,National,State
82,10-49,AL,2025,NA,Workforce,Staff and Volunteers,portionMultipleChoice,National,National,State
82,10-49,AR,2025,NA,Workforce,Staff and Volunteers,portionMultipleChoice,National,National,State
82,10-49,AZ,2025,NA,Workforce,Staff and Volunteers,portionMultipleChoice,National,National,State
82,10-49,CA,2025,0.24,Workforce,Staff and Volunteers,portionMultipleChoice,National,National,State
82,10-49,CO,2025,0.23,Workforce,Staff and Volunteers,portionMultipleChoice,National,National,State
82,10-49,CT,2025,NA,Workforce,Staff and Volunteers,portionMultipleChoice,National,National,State
82,10-49,DC,2025,NA,Workforce,Staff and Volunteers,portionMultipleChoice,National,National,State
82,10-49,DE,2025,NA,Workforce,Staff and Volunteers,portionMultipleChoice,National,National,State
82,10-49,FL,2025,NA,Workforce,Staff and Volunteers,portionMultipleChoice,National,National,State
82,10-49,GA,2025,NA,Workforce,Staff and Volunteers,portionMultipleChoice,National,National,State
82,10-49,HI,2025,NA,Workforce,Staff and Volunteers,portionMultipleChoice,National,National,State
82,10-49,IA,2025,NA,Workforce,Staff and Volunteers,portionMultipleChoice,National,National,State
82,10-49,ID,2025,NA,Workforce,Staff and Volunteers,portionMultipleChoice,National,National,State
82,10-49,IL,2025,NA,Workforce,Staff and Volunteers,portionMultipleChoice,National,National,State
82,10-49,IN,2025,NA,Workforce,Staff and Volunteers,portionMultipleChoice,National,National,State
82,10-49,KS,2025,NA,Workforce,Staff and Volunteers,portionMultipleChoice,National,National,State
82,10-49,KY,2025,NA,Workforce,Staff and Volunteers,portionMultipleChoice,National,National,State
82,10-49,LA,2025,NA,Workforce,Staff and Volunteers,portionMultipleChoice,National,National,State
82,10-49,MA,2025,0.21,Workforce,Staff and Volunteers,portionMultipleChoice,National,National,State
82,10-49,MD,2025,NA,Workforce,Staff and Volunteers,portionMultipleChoice,National,National,State
82,10-49,ME,2025,NA,Workforce,Staff and Volunteers,portionMultipleChoice,National,National,State
82,10-49,MI,2025,NA,Workforce,Staff and Volunteers,portionMultipleChoice,National,National,State
82,10-49,MN,2025,NA,Workforce,Staff and Volunteers,portionMultipleChoice,National,National,State
82,10-49,MO,2025,NA,Workforce,Staff and Volunteers,portionMultipleChoice,National,National,State
82,10-49,MS,2025,NA,Workforce,Staff and Volunteers,portionMultipleChoice,National,National,State
82,10-49,MT,2025,NA,Workforce,Staff and Volunteers,portionMultipleChoice,National,National,State
82,10-49,NC,2025,NA,Workforce,Staff and Volunteers,portionMultipleChoice,National,National,State
82,10-49,ND,2025,NA,Workforce,Staff and Volunteers,portionMultipleChoice,National,National,State
82,10-49,NE,2025,NA,Workforce,Staff and Volunteers,portionMultipleChoice,National,National,State
82,10-49,NH,2025,NA,Workforce,Staff and Volunteers,portionMultipleChoice,National,National,State
82,10-49,NJ,2025,NA,Workforce,Staff and Volunteers,portionMultipleChoice,National,National,State
82,10-49,NM,2025,NA,Workforce,Staff and Volunteers,portionMultipleChoice,National,National,State
82,10-49,NV,2025,NA,Workforce,Staff and Volunteers,portionMultipleChoice,National,National,State
82,10-49,NY,2025,NA,Workforce,Staff and Volunteers,portionMultipleChoice,National,National,State
82,10-49,OH,2025,NA,Workforce,Staff and Volunteers,portionMultipleChoice,National,National,State
82,10-49,OK,2025,NA,Workforce,Staff and Volunteers,portionMultipleChoice,National,National,State
82,10-49,OR,2025,NA,Workforce,Staff and Volunteers,portionMultipleChoice,National,National,State
82,10-49,PA,2025,NA,Workforce,Staff and Volunteers,portionMultipleChoice,National,National,State
82,10-49,RI,2025,NA,Workforce,Staff and Volunteers,portionMultipleChoice,National,National,State
82,10-49,SC,2025,NA,Workforce,Staff and Volunteers,portionMultipleChoice,National,National,State
82,10-49,SD,2025,NA,Workforce,Staff and Volunteers,portionMultipleChoice,National,National,State
82,10-49,TN,2025,NA,Workforce,Staff and Volunteers,portionMultipleChoice,National,National,State
82,10-49,TX,2025,0.22,Workforce,Staff and Volunteers,portionMultipleChoice,National,National,State
82,10-49,UT,2025,NA,Workforce,Staff and Volunteers,portionMultipleChoice,National,National,State
82,10-49,VA,2025,NA,Workforce,Staff and Volunteers,portionMultipleChoice,National,National,State
82,10-49,VT,2025,NA,Workforce,Staff and Volunteers,portionMultipleChoice,National,National,State
82,10-49,WA,2025,NA,Workforce,Staff and Volunteers,portionMultipleChoice,National,National,State
82,10-49,WI,2025,NA,Workforce,Staff and Volunteers,portionMultipleChoice,National,National,State
82,10-49,WV,2025,NA,Workforce,Staff and Volunteers,portionMultipleChoice,National,National,State
82,10-49,WY,2025,NA,Workforce,Staff and Volunteers,portionMultipleChoice,National,National,State
82,2-9,,2025,0.39,Workforce,Staff and Volunteers,portionMultipleChoice,National,National,
82,2-9,Midwest,2025,0.46,Workforce,Staff and Volunteers,portionMultipleChoice,National,National,Region
82,2-9,Northeast,2025,0.35,Workforce,Staff and Volunteers,portionMultipleChoice,National,National,Region
82,2-9,South,2025,0.41,Workforce,Staff and Volunteers,portionMultipleChoice,National,National,Region
82,2-9,West,2025,0.38,Workforce,Staff and Volunteers,portionMultipleChoice,National,National,Region
82,2-9,Rural,2025,0.36,Workforce,Staff and Volunteers,portionMultipleChoice,National,National,Rural/Urban
82,2-9,Urban,2025,0.4,Workforce,Staff and Volunteers,portionMultipleChoice,National,National,Rural/Urban
82,2-9,"Arts, culture, and humanities",2025,0.42,Workforce,Staff and Volunteers,portionMultipleChoice,National,National,Sector
82,2-9,Education,2025,0.46,Workforce,Staff and Volunteers,portionMultipleChoice,National,National,Sector
82,2-9,Environment and animals,2025,0.35,Workforce,Staff and Volunteers,portionMultipleChoice,National,National,Sector
82,2-9,Health,2025,0.69,Workforce,Staff and Volunteers,portionMultipleChoice,National,National,Sector
82,2-9,Human services,2025,0.4,Workforce,Staff and Volunteers,portionMultipleChoice,National,National,Sector
82,2-9,"International, foreign affairs",2025,1,Workforce,Staff and Volunteers,portionMultipleChoice,National,National,Sector
82,2-9,"Public, societal benefit",2025,0.42,Workforce,Staff and Volunteers,portionMultipleChoice,National,National,Sector
82,2-9,"$1 million - $9,999,999",2025,0.22,Workforce,Staff and Volunteers,portionMultipleChoice,National,National,Size
82,2-9,$10 million and above,2025,NA,Workforce,Staff and Volunteers,portionMultipleChoice,National,National,Size
82,2-9,"$100,000 - $499,999",2025,0.54,Workforce,Staff and Volunteers,portionMultipleChoice,National,National,Size
82,2-9,"$500,000 - $999,999",2025,0.73,Workforce,Staff and Volunteers,portionMultipleChoice,National,National,Size
82,2-9,"< $100,000",2025,0.16,Workforce,Staff and Volunteers,portionMultipleChoice,National,National,Size
82,2-9,AK,2025,NA,Workforce,Staff and Volunteers,portionMultipleChoice,National,National,State
82,2-9,AL,2025,1,Workforce,Staff and Volunteers,portionMultipleChoice,National,National,State
82,2-9,AR,2025,NA,Workforce,Staff and Volunteers,portionMultipleChoice,National,National,State
82,2-9,AZ,2025,1,Workforce,Staff and Volunteers,portionMultipleChoice,National,National,State
82,2-9,CA,2025,0.41,Workforce,Staff and Volunteers,portionMultipleChoice,National,National,State
82,2-9,CO,2025,0.42,Workforce,Staff and Volunteers,portionMultipleChoice,National,National,State
82,2-9,CT,2025,NA,Workforce,Staff and Volunteers,portionMultipleChoice,National,National,State
82,2-9,DC,2025,NA,Workforce,Staff and Volunteers,portionMultipleChoice,National,National,State
82,2-9,DE,2025,NA,Workforce,Staff and Volunteers,portionMultipleChoice,National,National,State
82,2-9,FL,2025,NA,Workforce,Staff and Volunteers,portionMultipleChoice,National,National,State
82,2-9,GA,2025,NA,Workforce,Staff and Volunteers,portionMultipleChoice,National,National,State
82,2-9,HI,2025,NA,Workforce,Staff and Volunteers,portionMultipleChoice,National,National,State
82,2-9,IA,2025,NA,Workforce,Staff and Volunteers,portionMultipleChoice,National,National,State
82,2-9,ID,2025,NA,Workforce,Staff and Volunteers,portionMultipleChoice,National,National,State
82,2-9,IL,2025,NA,Workforce,Staff and Volunteers,portionMultipleChoice,National,National,State
82,2-9,IN,2025,NA,Workforce,Staff and Volunteers,portionMultipleChoice,National,National,State
82,2-9,KS,2025,NA,Workforce,Staff and Volunteers,portionMultipleChoice,National,National,State
82,2-9,KY,2025,NA,Workforce,Staff and Volunteers,portionMultipleChoice,National,National,State
82,2-9,LA,2025,NA,Workforce,Staff and Volunteers,portionMultipleChoice,National,National,State
82,2-9,MA,2025,0.36,Workforce,Staff and Volunteers,portionMultipleChoice,National,National,State
82,2-9,MD,2025,NA,Workforce,Staff and Volunteers,portionMultipleChoice,National,National,State
82,2-9,ME,2025,NA,Workforce,Staff and Volunteers,portionMultipleChoice,National,National,State
82,2-9,MI,2025,NA,Workforce,Staff and Volunteers,portionMultipleChoice,National,National,State
82,2-9,MN,2025,NA,Workforce,Staff and Volunteers,portionMultipleChoice,National,National,State
82,2-9,MO,2025,NA,Workforce,Staff and Volunteers,portionMultipleChoice,National,National,State
82,2-9,MS,2025,NA,Workforce,Staff and Volunteers,portionMultipleChoice,National,National,State
82,2-9,MT,2025,NA,Workforce,Staff and Volunteers,portionMultipleChoice,National,National,State
82,2-9,NC,2025,NA,Workforce,Staff and Volunteers,portionMultipleChoice,National,National,State
82,2-9,ND,2025,NA,Workforce,Staff and Volunteers,portionMultipleChoice,National,National,State
82,2-9,NE,2025,NA,Workforce,Staff and Volunteers,portionMultipleChoice,National,National,State
82,2-9,NH,2025,NA,Workforce,Staff and Volunteers,portionMultipleChoice,National,National,State
82,2-9,NJ,2025,NA,Workforce,Staff and Volunteers,portionMultipleChoice,National,National,State
82,2-9,NM,2025,NA,Workforce,Staff and Volunteers,portionMultipleChoice,National,National,State
82,2-9,NV,2025,NA,Workforce,Staff and Volunteers,portionMultipleChoice,National,National,State
82,2-9,NY,2025,1,Workforce,Staff and Volunteers,portionMultipleChoice,National,National,State
82,2-9,OH,2025,1,Workforce,Staff and Volunteers,portionMultipleChoice,National,National,State
82,2-9,OK,2025,1,Workforce,Staff and Volunteers,portionMultipleChoice,National,National,State
82,2-9,OR,2025,NA,Workforce,Staff and Volunteers,portionMultipleChoice,National,National,State
82,2-9,PA,2025,1,Workforce,Staff and Volunteers,portionMultipleChoice,National,National,State
82,2-9,RI,2025,NA,Workforce,Staff and Volunteers,portionMultipleChoice,National,National,State
82,2-9,SC,2025,NA,Workforce,Staff and Volunteers,portionMultipleChoice,National,National,State
82,2-9,SD,2025,NA,Workforce,Staff and Volunteers,portionMultipleChoice,National,National,State
82,2-9,TN,2025,1,Workforce,Staff and Volunteers,portionMultipleChoice,National,National,State
82,2-9,TX,2025,0.43,Workforce,Staff and Volunteers,portionMultipleChoice,National,National,State
82,2-9,UT,2025,NA,Workforce,Staff and Volunteers,portionMultipleChoice,National,National,State
82,2-9,VA,2025,NA,Workforce,Staff and Volunteers,portionMultipleChoice,National,National,State
82,2-9,VT,2025,NA,Workforce,Staff and Volunteers,portionMultipleChoice,National,National,State
82,2-9,WA,2025,NA,Workforce,Staff and Volunteers,portionMultipleChoice,National,National,State
82,2-9,WI,2025,NA,Workforce,Staff and Volunteers,portionMultipleChoice,National,National,State
82,2-9,WV,2025,NA,Workforce,Staff and Volunteers,portionMultipleChoice,National,National,State
82,2-9,WY,2025,NA,Workforce,Staff and Volunteers,portionMultipleChoice,National,National,State
82,50+,,2025,0.077,Workforce,Staff and Volunteers,portionMultipleChoice,National,National,
82,50+,Midwest,2025,NA,Workforce,Staff and Volunteers,portionMultipleChoice,National,National,Region
82,50+,Northeast,2025,0.1,Workforce,Staff and Volunteers,portionMultipleChoice,National,National,Region
82,50+,South,2025,0.067,Workforce,Staff and Volunteers,portionMultipleChoice,National,National,Region
82,50+,West,2025,0.067,Workforce,Staff and Volunteers,portionMultipleChoice,National,National,Region
82,50+,Rural,2025,NA,Workforce,Staff and Volunteers,portionMultipleChoice,National,National,Rural/Urban
82,50+,Urban,2025,0.085,Workforce,Staff and Volunteers,portionMultipleChoice,National,National,Rural/Urban
82,50+,"Arts, culture, and humanities",2025,NA,Workforce,Staff and Volunteers,portionMultipleChoice,National,National,Sector
82,50+,Education,2025,NA,Workforce,Staff and Volunteers,portionMultipleChoice,National,National,Sector
82,50+,Environment and animals,2025,NA,Workforce,Staff and Volunteers,portionMultipleChoice,National,National,Sector
82,50+,Health,2025,NA,Workforce,Staff and Volunteers,portionMultipleChoice,National,National,Sector
82,50+,Human services,2025,0.1,Workforce,Staff and Volunteers,portionMultipleChoice,National,National,Sector
82,50+,"International, foreign affairs",2025,NA,Workforce,Staff and Volunteers,portionMultipleChoice,National,National,Sector
82,50+,"Public, societal benefit",2025,NA,Workforce,Staff and Volunteers,portionMultipleChoice,National,National,Sector
82,50+,"$1 million - $9,999,999",2025,0.15,Workforce,Staff and Volunteers,portionMultipleChoice,National,National,Size
82,50+,$10 million and above,2025,1,Workforce,Staff and Volunteers,portionMultipleChoice,National,National,Size
82,50+,"$100,000 - $499,999",2025,NA,Workforce,Staff and Volunteers,portionMultipleChoice,National,National,Size
82,50+,"$500,000 - $999,999",2025,NA,Workforce,Staff and Volunteers,portionMultipleChoice,National,National,Size
82,50+,"< $100,000",2025,NA,Workforce,Staff and Volunteers,portionMultipleChoice,National,National,Size
82,50+,AK,2025,NA,Workforce,Staff and Volunteers,portionMultipleChoice,National,National,State
82,50+,AL,2025,NA,Workforce,Staff and Volunteers,portionMultipleChoice,National,National,State
82,50+,AR,2025,NA,Workforce,Staff and Volunteers,portionMultipleChoice,National,National,State
82,50+,AZ,2025,NA,Workforce,Staff and Volunteers,portionMultipleChoice,National,National,State
82,50+,CA,2025,NA,Workforce,Staff and Volunteers,portionMultipleChoice,National,National,State
82,50+,CO,2025,NA,Workforce,Staff and Volunteers,portionMultipleChoice,National,National,State
82,50+,CT,2025,NA,Workforce,Staff and Volunteers,portionMultipleChoice,National,National,State
82,50+,DC,2025,NA,Workforce,Staff and Volunteers,portionMultipleChoice,National,National,State
82,50+,DE,2025,NA,Workforce,Staff and Volunteers,portionMultipleChoice,National,National,State
82,50+,FL,2025,NA,Workforce,Staff and Volunteers,portionMultipleChoice,National,National,State
82,50+,GA,2025,NA,Workforce,Staff and Volunteers,portionMultipleChoice,National,National,State
82,50+,HI,2025,NA,Workforce,Staff and Volunteers,portionMultipleChoice,National,National,State
82,50+,IA,2025,NA,Workforce,Staff and Volunteers,portionMultipleChoice,National,National,State
82,50+,ID,2025,NA,Workforce,Staff and Volunteers,portionMultipleChoice,National,National,State
82,50+,IL,2025,NA,Workforce,Staff and Volunteers,portionMultipleChoice,National,National,State
82,50+,IN,2025,NA,Workforce,Staff and Volunteers,portionMultipleChoice,National,National,State
82,50+,KS,2025,NA,Workforce,Staff and Volunteers,portionMultipleChoice,National,National,State
82,50+,KY,2025,NA,Workforce,Staff and Volunteers,portionMultipleChoice,National,National,State
82,50+,LA,2025,NA,Workforce,Staff and Volunteers,portionMultipleChoice,National,National,State
82,50+,MA,2025,0.15,Workforce,Staff and Volunteers,portionMultipleChoice,National,National,State
82,50+,MD,2025,NA,Workforce,Staff and Volunteers,portionMultipleChoice,National,National,State
82,50+,ME,2025,NA,Workforce,Staff and Volunteers,portionMultipleChoice,National,National,State
82,50+,MI,2025,NA,Workforce,Staff and Volunteers,portionMultipleChoice,National,National,State
82,50+,MN,2025,NA,Workforce,Staff and Volunteers,portionMultipleChoice,National,National,State
82,50+,MO,2025,NA,Workforce,Staff and Volunteers,portionMultipleChoice,National,National,State
82,50+,MS,2025,NA,Workforce,Staff and Volunteers,portionMultipleChoice,National,National,State
82,50+,MT,2025,NA,Workforce,Staff and Volunteers,portionMultipleChoice,National,National,State
82,50+,NC,2025,NA,Workforce,Staff and Volunteers,portionMultipleChoice,National,National,State
82,50+,ND,2025,NA,Workforce,Staff and Volunteers,portionMultipleChoice,National,National,State
82,50+,NE,2025,NA,Workforce,Staff and Volunteers,portionMultipleChoice,National,National,State
82,50+,NH,2025,NA,Workforce,Staff and Volunteers,portionMultipleChoice,National,National,State
82,50+,NJ,2025,NA,Workforce,Staff and Volunteers,portionMultipleChoice,National,National,State
82,50+,NM,2025,NA,Workforce,Staff and Volunteers,portionMultipleChoice,National,National,State
82,50+,NV,2025,NA,Workforce,Staff and Volunteers,portionMultipleChoice,National,National,State
82,50+,NY,2025,NA,Workforce,Staff and Volunteers,portionMultipleChoice,National,National,State
82,50+,OH,2025,NA,Workforce,Staff and Volunteers,portionMultipleChoice,National,National,State
82,50+,OK,2025,NA,Workforce,Staff and Volunteers,portionMultipleChoice,National,National,State
82,50+,OR,2025,NA,Workforce,Staff and Volunteers,portionMultipleChoice,National,National,State
82,50+,PA,2025,NA,Workforce,Staff and Volunteers,portionMultipleChoice,National,National,State
82,50+,RI,2025,NA,Workforce,Staff and Volunteers,portionMultipleChoice,National,National,State
82,50+,SC,2025,NA,Workforce,Staff and Volunteers,portionMultipleChoice,National,National,State
82,50+,SD,2025,NA,Workforce,Staff and Volunteers,portionMultipleChoice,National,National,State
82,50+,TN,2025,NA,Workforce,Staff and Volunteers,portionMultipleChoice,National,National,State
82,50+,TX,2025,NA,Workforce,Staff and Volunteers,portionMultipleChoice,National,National,State
82,50+,UT,2025,NA,Workforce,Staff and Volunteers,portionMultipleChoice,National,National,State
82,50+,VA,2025,NA,Workforce,Staff and Volunteers,portionMultipleChoice,National,National,State
82,50+,VT,2025,NA,Workforce,Staff and Volunteers,portionMultipleChoice,National,National,State
82,50+,WA,2025,NA,Workforce,Staff and Volunteers,portionMultipleChoice,National,National,State
82,50+,WI,2025,NA,Workforce,Staff and Volunteers,portionMultipleChoice,National,National,State
82,50+,WV,2025,NA,Workforce,Staff and Volunteers,portionMultipleChoice,National,National,State
82,50+,WY,2025,NA,Workforce,Staff and Volunteers,portionMultipleChoice,National,National,State
